<?xml version="1.0" encoding="UTF-8" ?>
<!DOCTYPE html>
<html b:css='false' b:defaultwidgetversion='2' b:layoutsVersion='3' expr:dir='data:blog.languageDirection' expr:lang='data:blog.locale' xmlns='http://www.w3.org/1999/xhtml' xmlns:b='http://www.google.com/2005/gml/b' xmlns:data='http://www.google.com/2005/gml/data' xmlns:expr='http://www.google.com/2005/gml/expr'>
  <head>
<meta content='width=device-width, initial-scale=1, shrink-to-fit=no' name='viewport'/>
<title>
<b:if cond='data:blog.pageType == &quot;index&quot;'>
<data:view.title.escaped/>
<b:else/>
<b:if cond='data:blog.pageType != &quot;error_page&quot;'>
<data:blog.pageName/> | <data:blog.title/>
<b:else/>
404:Page Not Found | <data:blog.title/> 
</b:if>
</b:if>
</title>
    
<!-- /Meta Tags ~ Archie Webmaker -->
<!-- Description and Keywords (start) -->
<b:if cond='data:blog.pageType == &quot;index&quot;'>
<meta content='Archie Webmaker is a Web Design company based at Imphal and focused on helping you grow your business. We specialize in branding, marketing, copywriting, web design, and web development and support. 20+ year experiences and five star reviews don&apos;t lie. If you have a proven product or service, contact us today and let&apos;s chat.' name='description'/>
</b:if>
<!-- Description and Keywords (end) -->
<b:if cond='data:blog.pageType == &quot;item&quot;'>
<meta expr:content='data:blog.pageName' property='og:title'/>
<meta expr:content='data:blog.canonicalUrl' property='og:url'/>
<meta content='article' property='og:type'/>
</b:if>
<b:if cond='data:blog.postImageUrl'>
<meta expr:content='data:blog.postImageUrl' property='og:image'/>
<b:else/>
<b:if cond='data:blog.postImageThumbnailUrl'>
<meta expr:content='data:blog.postImageThumbnailUrl' property='og:image'/>
</b:if></b:if>
<b:if cond='data:blog.metaDescription != &quot;&quot;'>
<meta expr:content='data:blog.metaDescription' property='og:description'/>
</b:if>
<meta expr:content='data:blog.title' property='og:site_name'/>
<meta expr:content='data:blog.homepageUrl' name='twitter:domain'/>
<meta expr:content='data:blog.pageName' name='twitter:title'/>
<b:if cond='data:blog.postImageUrl'>
<meta content='summary_large_image' name='twitter:card'/>
<meta expr:content='data:blog.postImageUrl' name='twitter:image'/>
<b:else/>
<meta content='summary' name='twitter:card'/>
<b:if cond='data:blog.postImageThumbnailUrl'>
<meta expr:content='data:blog.postImageThumbnailUrl' name='twitter:image'/>
</b:if>
</b:if>
<meta expr:content='data:blog.pageName' name='twitter:title'/>
<b:if cond='data:blog.metaDescription'>
<meta expr:content='data:blog.metaDescription' name='twitter:description'/>
</b:if>
<!-- Social Media meta tag need customer customization -->
<meta content='374772247111219' property='fb:app_id'/>
<meta content='111575227404359' property='fb:admins'/>
<meta content='@archiewebmaker' name='twitter:site'/>
<meta content='@archiewebmaker' name='twitter:creator'/>
<!-- /Meta Tags ~ Archie Webmaker -->
    
<b:include data='blog' name='all-head-content'/>
<b:include data='blog' name='google-analytics'/>
<link href='https://fonts.googleapis.com/css?family=Roboto:400,300,500,300italic,400italic,500italic,700,700italic' rel='stylesheet' type='text/css'/>
<link href='https://fonts.googleapis.com/css?family=Noto+Sans:400,400italic,700,700italic' rel='stylesheet' type='text/css'/>
<link href='https://pro.fontawesome.com/releases/v5.12.0/css/all.css' id='fontawesome' rel='stylesheet'/>

<!-- CSS only -->
<link crossorigin='anonymous' href='https://cdn.jsdelivr.net/npm/bootstrap@5.0.0-alpha3/dist/css/bootstrap.min.css' integrity='sha384-CuOF+2SnTUfTwSZjCXf01h7uYhfOBuxIhGKPbfEJ3+FqH/s6cIFN9bGr1HmAg4fQ' rel='stylesheet'/>
  
<b:if cond='data:view.isPost'>
<link href='http://prismjs.com/themes/prism.css' rel='stylesheet'/>
</b:if>

<b:skin version='1.3.0'><![CDATA[

/*
Blogger Template Style
Name	: Webmaker v1
Designer: Archie Webmaker
URL	:www.archiewebmaker.com
*/

body {
 overflow-x:hidden;
 font-family:'Noto Sans', sans-serif;
 color:#656972;
 font-size:16px;
 position:relative;
 -webkit-font-smoothing:antialiased;
 -moz-osx-font-smoothing:grayscale
}
a {
text-decoration:none;
}

h1,h2,h3,h4,h5,h6 {font-family:'Roboto', sans-serif;font-weight:300;}

.header{color:#fff;width:100%;z-index:40;padding:15px inherit;background:rgba(48,56,67,.9);-webkit-transition:padding .6s ease-in-out;-moz-transition:padding .6s ease-in-out;-ms-transition:padding .6s ease-in-out;-o-transition:padding .6s ease-in-out;}

.header {color:#fff;width:100%;z-index:40;padding:15px inherit;background:rgba(48,56,67,0.9);-webkit-transition:padding 0.6s ease-in-out;-moz-transition:padding 0.6s ease-in-out;-ms-transition:padding 0.6s ease-in-out;-o-transition:padding 0.6s ease-in-out;}
.header.navbar-fixed-top .navbar-collapse {padding-left:15px;padding-right:15px;}
.header.header-shrink {padding:0px inherit;}
.header.header-shrink h1.logo {font-size:20px;line-height:2.4;}
.header.header-shrink .main-nav .nav .nav-item {font-size:12px;}
.header h1.logo{font-family:"Russo One",arial,sans-serif;font-weight:800;margin-top:0;margin-bottom:0;font-weight:800;font-size:26px;float:left;line-height:1.8;}
.header h1.logo a {color:#fff;text-decoration:none;}
.header h1.logo a .highlight {color:#71c4e0;}
.header .main-nav {padding:0;}
.header .main-nav .navbar-toggler{background:0 0;position:absolute;right:0;top:-42px;padding:2px 9px;border:none;box-shadow:none!important;}
.header .main-nav .navbar-toggler:focus {outline:none;}
.header .main-nav .nav .nav-item{font-weight:400;text-transform:uppercase;font-size:13px;margin-right:15px;font-weight:600;}
.header .main-nav .nav .nav-item .nav-link.active {color:#71c4e0;background:none;font-weight:bold;}
.header .main-nav .nav .nav-item .nav-link {color:#fff;padding-top:15px;padding-bottom:15px;text-decoration:none;}
.header .main-nav .nav .nav-item .nav-link:hover {color:#71c4e0;background:none;}
.header .main-nav .nav .nav-item .nav-link:focus {outline:none;background:none;}
.header .main-nav .nav .nav-item .nav-link:active {outline:none;background:none;}
.header .main-nav .nav .nav-item.last {margin-right:0;}
.header .main-nav .nav.open a {background:none;}
.header .main-nav .nav .dropdown-menu{-webkit-border-radius:4px;-moz-border-radius:4px;-ms-border-radius:4px;-o-border-radius:4px;border-radius:4px;-moz-background-clip:padding;-webkit-background-clip:padding-box;background-clip:padding-box;margin:0;border:none;text-transform:none;min-width:180px;background:#47b3d7;padding-top:5px;padding-bottom:5px;}
.header .main-nav .nav .dropdown-menu:before{content:"";display:block;width:0;height:0;border-left:10px solid transparent;border-right:10px solid transparent;border-bottom:10px solid #47b3d7;position:absolute;right:35px;top:-8px;}
.header .main-nav .nav .dropdown-menu a {border-bottom:1px solid #32aad2;padding:8px 20px;color:#fff;-webkit-opacity:1;-moz-opacity:1;opacity:1;font-size:14px;text-decoration:none;}
.header .main-nav .nav .dropdown-menu a:hover {background:#2a9bc1;color:#fff;}
.navbar-toggler:focus,
.navbar-toggler:active,
.navbar-toggler-icon:focus {outline:none;box-shadow:none;}

.promo-section{color:#fff;height:470px;padding-bottom:0;padding-top:100px;background:#fff;}
.promo-section a{color:#fff;text-decoration:none;}
.promo-section .promo-content{z-index:10;position:relative;}
.promo-section .headline{font-size:36px;margin-top:0;margin-bottom:15px;}
.promo-section .tagline{font-size:18px;margin-bottom:30px}.promo-section .actions .btn{margin-right:30px;}
.promo-section .actions .play-icon{margin-right:10px;}
.hero-slider-wrapper{content:"";position:absolute;width:100%;top:0;left:0;height:470px;background:#fff;}
.hero-slider-wrapper .hero-carousel{margin:0;-webkit-box-shadow:none;-moz-box-shadow:none;box-shadow:none;border:none;-webkit-border-radius:0;-moz-border-radius:0;-ms-border-radius:0;-o-border-radius:0;border-radius:0;-moz-background-clip:padding;-webkit-background-clip:padding-box;background-clip:padding-box;background:#fff;}
.hero-slider-wrapper .hero-carousel .slide {height:470px;}
.hero-slider-wrapper .hero-carousel .slide.slide-1 {
 background:#ffffff url("https://1.bp.blogspot.com/-BHU5UbFUEvk/X8QCwifxkMI/AAAAAAAAD7Y/g_k-WFgPUZMMfToDyq1AWuxh4c5W_2iDACLcBGAsYHQ/s0/archie-webmaker-hero-1.jpg") no-repeat 50% top;
 -webkit-background-size:cover;
 -moz-background-size:cover;
 -o-background-size:cover;
 background-size:cover
}
.hero-slider-wrapper .hero-carousel .slide.slide-2 {
 background:#ffffff url("https://1.bp.blogspot.com/-PJd8uXlUnK0/X8QCw1_gwVI/AAAAAAAAD7c/nCECUq-XQ6Q0hEPmi9ND8alBqGUVL2I6wCLcBGAsYHQ/s0/archie-webmaker-hero-2.jpg") no-repeat 50% top;
 -webkit-background-size:cover;
 -moz-background-size:cover;
 -o-background-size:cover;
 background-size:cover
}
.hero-slider-wrapper .hero-carousel .slide.slide-3 {
 background:#ffffff url("https://1.bp.blogspot.com/-a94y6weDXAo/X8QCwUWHA0I/AAAAAAAAD7U/AVAPo-lZjUUfENgSmgqkvDu8wzT7VGLegCLcBGAsYHQ/s0/archie-webmaker-hero-3.jpg") no-repeat 50% top;
 -webkit-background-size:cover;
 -moz-background-size:cover;
 -o-background-size:cover;
 background-size:cover
}
.hero-slider-wrapper .hero-carousel .flex-control-nav {z-index:30;bottom:30px;position:relative;}
.hero-slider-wrapper .hero-carousel .flex-control-nav li a {background:#ccc;}
.hero-slider-wrapper .hero-carousel .flex-control-nav li a.flex-active {background:#f2f2f2;}
.hero-slider-mask {
 background-color:rgba(0,0,0,0.6) 35%;
 background-image:-webkit-gradient(linear, left top, right top, from(rgba(0,0,0,0.6) 35%), to(rgba(0,0,0,0)));
 background-image:-webkit-linear-gradient(left, rgba(0,0,0,0.6) 35%, rgba(0,0,0,0));
 background-image:-moz-linear-gradient(left, rgba(0,0,0,0.6) 35%, rgba(0,0,0,0));
 background-image:-ms-linear-gradient(left, rgba(0,0,0,0.6) 35%, rgba(0,0,0,0));
 background-image:-o-linear-gradient(left, rgba(0,0,0,0.6) 35%, rgba(0,0,0,0));
 display:block;
 position:absolute;
 width:100%;
 height:100%;
 left:0;
 top:0;
 z-index:5
}
.featured-thumb {background:#fff;transform: rotate(-10deg);}
.service-block {background:#fcfcfc;padding:60px;border-bottom:1px solid #e1e1e1;-webkit-box-shadow:0 2px 6px -6px #222;-moz-box-shadow: 0 2px 6px -6px #222;box-shadow:0 2px 6px -6px #222;}
.service-block span {color: #0d6efd;}
article {
margin-bottom: 30px;
}
.blog-page-top {
background:#35373C url("https://1.bp.blogspot.com/-usrgkQaxJcI/X8hDirH8hnI/AAAAAAAAD-M/smoDjJ1kPfwJWjSCFG2ZKG7aI2pjz27FQCPcBGAYYCw/s0/hero-3.jpg") no-repeat 50% top;
 -webkit-background-size:cover;
 -moz-background-size:cover;
 -o-background-size:cover;
background-size:cover;
height:430px;
max-height:430px;
overflow:hidden;
}
.blog-page-block {padding-top:100px;}
.section-title {color:#fff;font-weight:900;}
.section-intro {color: #fff;}

.related-posts{padding-top:30px;padding-bottom:30px;background:#fcfcfc;margin-bottom:30px}.related-posts .title{margin-top:0;margin-bottom:45px;font-size:24px}.related-posts .item{margin-bottom:30px}.related-posts .item .inner{background:#fff;border:1px solid #eee}.related-posts .item .title{margin-top:0;margin-bottom:10px;font-size:18px}.related-posts .item .content{padding:30px;font-size:14px}.related-posts .item img{margin:0 auto;height:100px;width:100%}.related-posts .item:hover img{-webkit-opacity:.9;-moz-opacity:.9;opacity:.9}

#sidebar .widget{margin-bottom:60px}#sidebar .widget a{color:#65758e;text-decoration:none}#sidebar .widget a:hover{color:#71c4e0;text-decoration:underline}#sidebar .widget .title{font-size:20px;margin-bottom:30px;margin-top:0;font-weight:400;color:#505c70;font-weight:600;border-left:5px solid #32aae1;padding-left:5px}#sidebar .widget ul li{margin-bottom:0;font-size:15px}#sidebar .widget ul li .count{color:#999;font-family:"Helvetica Neue",Helvetica,Arial,sans-serif}#sidebar .widget.recent-posts li{position:relative;padding-left:60px;margin-bottom:15px;border-bottom:1px solid #eee;padding-bottom:15px;min-height:68px}#sidebar .widget.recent-posts .thumb{position:absolute;left:5px;top:5px;width:45px;height:45px}#sidebar .BlogArchive{clear:both;margin-top:120px}#sidebar .label-size-1,.label-size-2,.label-size-3,.label-size-4,.label-size-5{font-size:100%;opacity:10}.cloud-label-widget-content{text-align:left}#sidebar .label-size{background:#0d6efd;display:block;float:left;margin:0 3px 3px 0;color:#fff;font-size:11px;text-transform:uppercase}.label-size a,.label-size span{display:inline-block;color:#fff!important;padding:6px 8px;font-weight:700}.label-size:hover{background:#333}.label-count{white-space:nowrap;padding-right:3px;margin-left:-3px;background:#333;color:#fff!important}.label-size{line-height:1.2}
.popular-posts {width:100%;margin:0 auto;}
.popular-posts ul {padding:0;border:0;position:relative;}
.popular-posts ul li {list-style-type:none;margin:0;padding:10px 10px 10px 72px !important;position:relative;}
.popular-posts ul li img {width:42px;height:42px;position:absolute;padding:inherit;border-radius:50%;overflow:hidden;left:15px;border:0;display:inline-block;
vertical-align:middle;}

#pager {padding-top:30px;padding-bottom:30px;}
#comment-editor {width:100%;}

.footer-link{background:#35373c;color:rgba(255,255,255,.7);padding-top:45px;padding-bottom:45px}.footer-link .widget .title{font-size:16px;color:#fff;font-weight:400}.footer-link a{color:rgba(255,255,255,.7)}.footer-link ul{padding:0;margin:0}.footer-link li{font-size:14px;margin-bottom:5px;list-style-type:none}.footer-link li:before{content:"\2b";font-family:"Glyphicons Halflings";font-size:10px;line-height:1;margin:0;display:inline-block;padding-right:5px}.footer{background:#35373c;color:rgba(255,255,255,.4);padding-top:45px;padding-bottom:45px}.footer a{color:rgba(255,255,255,.4)}.footer .divider{margin-top:30px;margin-bottom:30px;border-bottom:1px solid rgba(255,255,255,.1)}.footer .social-media{margin-bottom:15px}.footer .social-media li a{display:inline-block;width:32px;height:32px;-webkit-border-radius:50%;-moz-border-radius:50%;-ms-border-radius:50%;-o-border-radius:50%;border-radius:50%;-moz-background-clip:padding;-webkit-background-clip:padding-box;background-clip:padding-box;background:rgba(0,0,0,.1);padding-top:3px}.footer .social-media li a:hover{background:rgba(0,0,0,.2);color:#fff}.footer .social-media li .svg-inline--fa{font-size:16px}

#back-to-top{background:#65758e;color:#fff;text-align:center;display:inline-block;width:35px;height:35px;border:none;-webkit-border-radius:4px;-moz-border-radius:4px;-ms-border-radius:4px;-o-border-radius:4px;border-radius:4px;-moz-background-clip:padding;-webkit-background-clip:padding-box;background-clip:padding-box;-webkit-transition:all .4s ease-in-out;-moz-transition:all .4s ease-in-out;-ms-transition:all .4s ease-in-out;-o-transition:all .4s ease-in-out;z-index:30}#back-to-top:hover{background:#72829b}#back-to-top svg{width:26px;height:26px;margin-top:4px}

@media screen and (min-width:920px){.promo-section{overflow:hidden!important;background-size:100% 470px!important}.hero-slider-wrapper{height:470px!important;background-size:100% 470px!important}.hero-slider-wrapper .hero-carousel .slide{height:470px!important;background-size:100% 470px!important}.hero-slider-mask{background-size:100% 470px!important;height:470px!important;}}

@media (min-width: 768px){.header .main-nav .nav .nav-item{margin-right:10px;}.navbar-expand-md .navbar-nav .nav-link{padding-left:15px;padding-right:15px;}}
@media (min-width: 992px){.main-nav{float:right !important;}.navbar-form .form-control{width:280px;}.header h1.logo{float:left;margin:inherit;}.header .main-nav .nav .nav-item{margin-right:15px;}.main-nav.navbar-right{float:right !important;}.navbar-fixed-top .navbar-collapse{padding-left:15px;padding-right:15px;}}
@media (max-width: 767.98px) {.header {padding:0px inherit;}.header h1.logo {font-size:20px;line-height:2.4;float:none;}.navbar-collapse{border-top:none;-webkit-box-shadow:none;-moz-box-shadow:none;box-shadow:none;width:100%;left:0;top:0;position:absolute;background:#455061;z-index:45;}.navbar-collapse .nav {margin:0;}.header .main-nav .nav .nav-item {margin-right:0;}.header .main-nav .nav .dropdown-menu{-webkit-border-radius:0;-moz-border-radius:0;-ms-border-radius:0;-o-border-radius:0;border-radius:0;-moz-background-clip:padding;-webkit-background-clip:padding-box;background-clip:padding-box;width:100%;padding:0;}.header .main-nav .nav .dropdown-menu:before{display:none}.navbar-fixed-bottom .navbar-collapse,.navbar-fixed-top .navbar-collapse{max-height:inherit}.nav-tabs>li>a{padding:10px 5px}.main-nav .navbar-collapse .navbar-nav{padding:0 15px}.main-nav .navbar-collapse .nav-link{padding:15px 0;}
}
@media (min-width: 768px) {.header .main-nav .nav .nav-item{margin-right:10px;}.navbar-expand-md .navbar-nav .nav-link{padding-left:15px;padding-right:15px;}}
@media (min-width: 992px) {.main-nav{float:right!important;}.navbar-form .form-control{width:280px;}.header h1.logo{float:left;margin:inherit;}.header .main-nav .nav .nav-item{margin-right:15px;}.main-nav.navbar-right{float:right!important;}.navbar-fixed-top .navbar-collapse{padding-left:15px;padding-right:15px;}
}

]]></b:skin>

<b:if cond='data:view.isLayoutMode'>
<b:template-skin>
<![CDATA[
body#layout {margin: 0 auto;padding:0;}
body#layout .container::after,
body#layout .section::after {display:block;clear:both;content:"";}

#layout .adminpanel{background-color:#f24024;padding:15px!important;margin:0 auto;width:90%}#layout .adminpanel:before{content:"Admin Panel";text-transform:uppercase;font-size:28px;display:inline-block;font-weight:400;font-family:Arial;border:2px solid;color:#fff!important;padding:20px}#layout .adminlayout{background-color:#e7e7e7;padding:20px 20px 10px!important;margin-bottom:20px}#layout .adminlayout:before{content:"www.archiewebmaker.com";font-size:18px;color:#555;margin-bottom:20px;display:inline-block;font-weight:100;font-family:sans-serif}#layout .option:before{content:"Support and customization - Email: archie@archiewebmaker.com";font-size:18px;color:#555;margin-bottom:20px;display:inline-block;font-weight:100;font-family:sans-serif}

body#layout #header {display:none;height:0px;}
body#layout .service-block {display:none;height:0px;}
body#layout .blog-page-about {display:none;height:0px;}
body#layout .blog-page-top {display:none;height:0px;}

body#layout #main,
body#layout #sidebar {float:left;}
body#layout #main {width:60%;}
body#layout #sidebar {width:40%;}

body#layout #footer-links1 {float:left; width:24%;}
body#layout #footer-links2 {float:left; width:24%;}
body#layout #footer-links3 {float:left; width:24%;}
body#layout #footer-links4 {float:left; width:24%;}
body#layout .footer {display:none;height:0px;}

]]>
</b:template-skin>
</b:if>
  </head>
  <body>
    <b:comment>=== Body classes ===</b:comment>
    <b:class cond='data:view.isHomepage' name='is-homepage'/>
    <b:class cond='data:view.isPost' name='is-post'/>
    <b:class cond='data:view.isPage' name='is-page'/>
    <b:class cond='data:view.isLabelSearch' name='is-search-label'/>
    <b:class cond='data:view.search.query' name='is-search-query'/>
    <b:class cond='data:view.isSearch and !data:view.isLabelSearch and !data:view.search.query' name='is-search-default'/>
    <b:class cond='data:view.isArchive' name='is-archive'/>
    <b:class cond='data:view.isError' name='is-error'/>
    <b:class cond='data:view.isPreview' name='is-preview'/>

<a class='sr-only sr-only-focusable' href='#main'><data:messages.skipToMainContent/></a>
<b:if cond='data:view.isLayoutMode'>
<div class='adminpanel'>
</div>  
<div class='adminlayout'>
</div>
<div class='option'>
</div> 
</b:if>

<header class='header fixed-top' id='header'>
<div class='container'>
<h1 class='logo'><a href='/'><span class='highlight'>Web</span>Maker</a></h1><!--//logo-->
<nav class='main-nav navbar navbar-expand-md navbar-dark'>
<button aria-controls='navbar-collapse' aria-expanded='false' aria-label='Toggle navigation' class='navbar-toggler' data-target='#navbar-collapse' data-toggle='collapse' type='button'>
<span class='navbar-toggler-icon'>
</span>
</button>
<div class='navbar-collapse collapse justify-content-end' id='navbar-collapse'>
<ul class='nav navbar-nav'>
<li class='nav-item dropdown'>
<a class='nav-link' data-close-others='false' data-delay='0' data-hover='dropdown' data-toggle='dropdown' href='#'><i class='fa fa-search'></i></a>
<div class='dropdown-menu dropdown-menu-right'>
<div class='dropdown-item' style='min-width:320px;'>
<form action='/search' class='form-sm' method='get' role='search'>
<div class='input-group input-group-sm mb-3'>
<input aria-label='Search' class='form-control' name='q' placeholder='Search' type='text'/>
<div class='input-group-append'>
<button class='input-group-text btn btn-primary' type='submit'><i class='fa fa-search'></i></button>
</div>
</div>
</form>
</div>
</div>
</li><!--//dropdown-->
<li class='nav-item'><a class='nav-link' href='/'>Home</a></li>
<li class='nav-item dropdown'>
<a class='nav-link dropdown-toggle' data-close-others='false' data-delay='0' data-hover='dropdown' data-toggle='dropdown' href='#'>Work</a>
<div class='dropdown-menu dropdown-menu-right'>
<a class='dropdown-item' href='#'>Our Work</a>
<a class='dropdown-item' href='#'>Single Case Study 1</a>
<a class='dropdown-item' href='#'>Single Case Study 2</a>
<a class='dropdown-item' href='#'>Single Blog Post</a>
<a class='dropdown-item' href='#'>404 Page</a>
</div>
</li><!--//dropdown-->
<li class='nav-item'><a class='nav-link' href='#'>About</a></li>
<li class='nav-item'><a class='nav-link' href='#'>Blog</a></li>
<li class='nav-item last'><a class='nav-link' href='/error.html'>Error</a></li>
</ul><!--//nav-->
</div><!--//navabr-collapse-->
</nav><!--//main-nav-->
</div><!--//container-->
</header><!--//header-->

<b:if cond='data:view.isHomepage'>  
<section class='promo-section section section-on-bg' id='promo-section'>
        <div class='hero-slider-wrapper'>
            <div class='hero-carousel carousel slide carousel-fade' data-interval='5000' data-ride='carousel' id='hero-carousel'>
             <div class='carousel-inner'>
                <div class='carousel-item slide slide-1 active'/>
                <div class='carousel-item slide slide-2'/>
                <div class='carousel-item slide slide-3'/>
            </div>
        </div><!--//hero-carousel-->
        <div class='hero-slider-mask'/>
    </div><!--//hero-slider-wrapper--> 
    <div class='container promo-content'> 
<b:section class='featured-post' id='featured-post' name='Featured Post' showaddelement='no'>
   <b:widget id='FeaturedPost1' locked='true' title='Featured post' type='FeaturedPost' version='2' visible='true'>
     <b:widget-settings>
       <b:widget-setting name='showSnippet'>true</b:widget-setting>
       <b:widget-setting name='showPostTitle'>true</b:widget-setting>
       <b:widget-setting name='postId'>1547576530043506101</b:widget-setting>
       <b:widget-setting name='showFirstImage'>true</b:widget-setting>
       <b:widget-setting name='useMostRecentPost'>false</b:widget-setting>
     </b:widget-settings>
     <b:includable id='main' var='this'>
<div class='row'>
<b:loop values='data:posts' var='post'> 
<div class='col-md-6'>
<h2 class='headline'><a expr:href='data:post.url'><data:post.title/></a></h2>
<div class='hr hr-short text-center'><span class='hr-inner '><span class='hr-inner-style'/></span></div>
<p class='tagline'><b:eval expr='snippet(data:post.body, {length: 140, links: false})'/></p>
<div class='hr hr-short text-center'><span class='hr-inner '><span class='hr-inner-style'/></span></div>
<div class='text-center'><a class='btn btn-primary' expr:href='data:post.url'>Read Article</a></div>
</div>
<div class='col-md-6'>
<b:if cond='data:post.featuredImage.isResizable or data:post.thumbnail'>
<a expr:href='data:post.url'><b:with value='data:post.featuredImage.isResizable?resizeImage(data:post.featuredImage, 640, &quot;640:360&quot;): data:post.thumbnail' var='image'><img class='img-fluid p-3 shadow rounded featured-thumb' expr:alt='data:post.title' expr:src='data:image' height='360' layout='responsive' width='640'/></b:with></a>
</b:if>  
</div>
</b:loop>
</div>
</b:includable>
   </b:widget>
 </b:section>
</div><!--//container-->
</section>
</b:if>

<b:if cond='data:view.isHomepage'> 
<div class='service-block'>
<div class='container'>
<div class='post-inner-block'>
<h4 class='text-uppercase text-center'>UX-Centered Bootstrap Premium Themes</h4>
<div class='hr hr-short text-center'><span class='hr-inner'><span class='hr-inner-style'/></span></div> 
<p class='text-center'>We create clean, elegant and beautiful premium website templates and themes using Bootstrap, the most popular HTML, CSS &amp; JavaScript framework.</p>
</div>
<div class='clearfix'/>  
<div class='row'> 
  
<div class='col-md-4'>
<h6 class='text-uppercase'><span class='fa fa-clock'/> A real Time-Saver</h6>
<p>Spend less time on design and more on development. Let our <span>professional design templates</span> save you time and effort.</p>
</div><!--//col-md-4--> 
  
<div class='col-md-4'> 
<h6 class='text-uppercase'><span class='fa fa-life-ring'/> Free updates &amp; support</h6>
<p>Relax... We&#39;ve got you covered.<br/>
We offer incredible support and <span>free updates</span> for all our themes!</p>
</div><!--//col-md-4--> 
  
<div class='col-md-4'> 
<h6 class='text-uppercase'><span class='fa fa-rocket'/> No Rocket Science</h6>
<p>Our themes are designed and built for users of all skill levels by the best <span>Bootstrap creator</span> in the world.</p>
</div><!--//col-md-4--> 
  
</div><!--//row--> 
</div><!--//container--> 
</div>
<div class='clearfix'/>  
</b:if>
    
<b:if cond='!data:view.isHomepage'>
<div class='blog-page-top'>
<div class='container text-center'>
<div class='blog-page-block row'> 
<div class='col-md-8 mx-auto'>   
<b:if cond='data:blog.pageType == &quot;error_page&quot;'>
<h1 class='section-title'>404</h1>
<h4 class='section-title'>Page not found</h4>
<b:else/>
  
<h1 class='section-title'>Stay Connected!</h1>
<div class='section-intro'>Don&#39;t Miss Out! Subscribe to our mailing list to get updates on our latest freebies, product news and exclusive offers.</div>
<form action='https://feedburner.google.com/fb/a/mailverify' class='form-inline' method='post' onsubmit='window.open(&apos;https://feedburner.google.com/fb/a/mailverify?uri=ArchieWebmaker&apos;, &apos;popupwindow&apos;, &apos;scrollbars=yes,width=550,height=520&apos;);return true' target='popupwindow'>  
<div class='input-group mb-3'>
<label class='sr-only' for='email'>Email</label>
<input class='form-control' id='email' name='email' placeholder='email@example.com' type='email'/>
<input name='uri' type='hidden' value='ArchieWebmaker'/><input name='loc' type='hidden' value='en_US'/>
<div class='input-group-append'>
<button class='btn btn-primary' type='button'>Get Notified</button>
</div>
</div>
</form>
</b:if> 
</div>
</div>   
</div>
</div>
</b:if> 
  
<div class='py-3 py-lg-5' id='content'>
<div class='container'>
<div class='row'>
<main class='col-12 col-lg-8 mb-3 mb-lg-0' id='main'>
<b:section class='main-section' id='main-section' maxwidgets='1' name='Main section' showaddelement='no'>
  <b:widget id='Blog1' locked='true' title='Blog Posts' type='Blog' version='2' visible='true'>
    <b:widget-settings>
      <b:widget-setting name='showDateHeader'>false</b:widget-setting>
      <b:widget-setting name='style.textcolor'>#000000</b:widget-setting>
      <b:widget-setting name='showShareButtons'>false</b:widget-setting>
      <b:widget-setting name='showCommentLink'>true</b:widget-setting>
      <b:widget-setting name='style.urlcolor'>#008000</b:widget-setting>
      <b:widget-setting name='showAuthor'>false</b:widget-setting>
      <b:widget-setting name='disableGooglePlusShare'>true</b:widget-setting>
      <b:widget-setting name='style.linkcolor'>#0000ff</b:widget-setting>
      <b:widget-setting name='style.unittype'>TextAndImage</b:widget-setting>
      <b:widget-setting name='style.bgcolor'>#ffffff</b:widget-setting>
      <b:widget-setting name='timestampLabel'/>
      <b:widget-setting name='showAuthorProfile'>false</b:widget-setting>
      <b:widget-setting name='style.layout'>1x1</b:widget-setting>
      <b:widget-setting name='showLabels'>true</b:widget-setting>
      <b:widget-setting name='showLocation'>true</b:widget-setting>
      <b:widget-setting name='postLabelsLabel'/>
      <b:widget-setting name='showTimestamp'>false</b:widget-setting>
      <b:widget-setting name='postsPerAd'>1</b:widget-setting>
      <b:widget-setting name='showBacklinks'>false</b:widget-setting>
      <b:widget-setting name='style.bordercolor'>#ffffff</b:widget-setting>
      <b:widget-setting name='showInlineAds'>false</b:widget-setting>
      <b:widget-setting name='showReactions'>false</b:widget-setting>
    </b:widget-settings>
    <b:includable id='main' var='this'>
<b:comment>###### Breadcrumb ######</b:comment>
<b:if cond='!data:view.isHomepage'>
<ol class='breadcrumb bg-light border blog-post-spacer' id='breadcrumb'>
<li class='breadcrumb-item'> <i class='fa fa-bullhorn'/> <a expr:href='data:blog.homepageUrl'> <data:messages.home/> </a></li>

<b:comment>### Post page ###</b:comment>
<b:if cond='data:view.isPost'> <b:loop values='data:posts' var='post'><li class='breadcrumb-item'><b:if cond='data:post.labels'><b:loop values='data:post.labels' var='label'><span typeof='v:breadcrumb'><a expr:href='params(data:label.url, { max-results: &quot;12&quot; })' itemprop='url' property='v:title' rel='v:url' title='Categories'> <span itemprop='title'><data:label.name/></span></a></span><b:if cond='data:label.isLast != &quot;true&quot;'/></b:loop></b:if></li><li aria-current='page' class='breadcrumb-item active'><a expr:href='data:post.url' expr:title='data:post.title' itemprop='url'><span itemprop='title'><data:post.title/></span></a></li> </b:loop> </b:if>

<b:comment>### Static page ###</b:comment>
<b:if cond='data:view.isPage'> <b:loop values='data:posts' var='post'><li class='breadcrumb-item active'> <span class='mr-1'>Page:</span> <span><b:eval expr='data:post.title ? data:post.title : data:messages.noTitle'/></span></li> </b:loop> </b:if>

<b:comment>### Search (label) page ###</b:comment>
<b:if cond='data:view.isLabelSearch'><li class='breadcrumb-item'> <a expr:href='path(data:blog.homepageUrl, &quot;/search&quot;)'> Search </a></li><li class='breadcrumb-item active'> <span class='mr-1'>Label:</span> <span><data:view.search.label/></span></li> </b:if>

<b:comment>### Search (query) page ###</b:comment>
<b:if cond='data:view.search.query'><li class='breadcrumb-item'> <a expr:href='path(data:blog.homepageUrl, &quot;/search&quot;)'> Search </a></li><li class='breadcrumb-item active'> <span class='mr-1'>Query:</span> <span><data:view.search.query/></span></li> </b:if>

<b:comment>### Search (default) page ###</b:comment>
<b:if cond='data:view.isSearch and !data:view.isLabelSearch and !data:view.search.query'><li class='breadcrumb-item active'> <span>Search</span></li> </b:if>

<b:comment>### Archive page ###</b:comment>
<b:if cond='data:view.isArchive'> <b:if cond='data:view.archive.month'><li class='breadcrumb-item'> <a expr:href='data:blog.homepageUrl + data:view.archive.year'> <data:view.archive.year/> </a></li><li class='breadcrumb-item active'> <span><data:view.archive.month/></span></li> <b:else/><li class='breadcrumb-item active'> <span><data:view.archive.year/></span></li> </b:if> </b:if>

<b:comment>### Error page ###</b:comment>
<b:if cond='data:view.isError'><li class='breadcrumb-item active'> <span>404</span></li> </b:if></ol> </b:if>
<b:comment>###### Not found message ######</b:comment>

<b:comment>### Homepage ###</b:comment>
<b:if cond='data:view.isHomepage'> <b:if cond='data:posts.empty'><div class='alert alert-warning blog-post-spacer' id='not-found-message' role='alert'> <data:messages.theresNothingHere/></div> </b:if> </b:if>

<b:comment>### Search (label|query|default) page | Archive page ###</b:comment>
<b:if cond='data:view.isSearch or data:view.isArchive'> <b:if cond='data:posts.empty'><div class='alert alert-warning blog-post-spacer' id='not-found-message' role='alert'> <data:messages.noResultsFound/></div> </b:if> </b:if>

<b:comment>###### Posts ######</b:comment>

<b:comment>### Homepage | Search (label|query|default) page | Archive page ###</b:comment>
<b:if cond='data:posts.notEmpty'>
<b:if cond='data:view.isHomepage'> 
<div class='row no-gutters'>
<b:loop values='data:posts' var='post'>
<article class='col-md-6' expr:id='&quot;post-&quot; + data:post.id'>
<div class='card'>
<div class='card-image'>

<b:comment>=== Featured image ===</b:comment>
<b:with value='800' var='size'> <b:with value='&quot;16:9&quot;' var='ratio'> <b:if cond='data:post.featuredImage'> <b:if cond='data:post.featuredImage.isYoutube'> <a expr:href='data:post.link ?: data:post.url'> <b:tag name='img'> <b:class name='card-img-top'/> <b:attr expr:value='data:post.featuredImage.youtubeMaxResDefaultUrl.isResizable ? resizeImage(data:post.featuredImage.youtubeMaxResDefaultUrl, data:size, data:ratio) : data:post.featuredImage.youtubeMaxResDefaultUrl' name='src'/> <b:attr expr:value='data:post.title ? data:post.title : data:messages.image' name='alt'/> <b:attr name='b:whitespace' value='remove'/> </b:tag> </a> <b:else/> <a expr:href='data:post.link ?: data:post.url'> <b:tag name='img'> <b:class name='card-img-top'/> <b:attr expr:value='data:post.featuredImage.isResizable ? resizeImage(data:post.featuredImage, data:size, data:ratio) : data:post.featuredImage' name='src'/> <b:attr expr:value='data:post.title ? data:post.title : data:messages.image' name='alt'/> <b:attr name='b:whitespace' value='remove'/> </b:tag> </a> </b:if> </b:if> </b:with> </b:with>
<div class='image-overlay'/>
</div>
<div class='card-body'>

<b:comment>=== Title ===</b:comment>
<h4 class='post-spacer'> <a class='text-dark' expr:href='data:post.link ?: data:post.url'> <b:eval expr='data:post.title ? data:post.title : data:messages.noTitle'/> </a></h4>

<b:comment>=== Meta ===</b:comment>
<div class='media small text-muted post-spacer'>
<ul class='nav nav-tabs'>
<li class='nav-item active dropdown'>
<a aria-expanded='false' aria-haspopup='true' class='nav-link dropdown-toggle' data-toggle='dropdown' href='#' role='button'><span class='fas fa-share-alt'/> Share</a>
<div class='dropdown-menu'>
<a class='dropdown-item' expr:href='&quot;https://www.facebook.com/sharer.php?u=&quot; + data:post.url.canonical' target='_blank' title='Facebook'><i class='fab fa-facebook-f'/> Facebook</a>
<a class='dropdown-item' expr:href='&quot;https://twitter.com/intent/tweet?url=&quot; + data:post.url.canonical + &quot;&amp;text=&quot; + data:post.title' rel='nofollow' target='_blank' title='Twitter'><i class='fab fa-twitter'/> Twitter</a>
<a class='dropdown-item' expr:href='&quot;https://www.linkedin.com/shareArticle?url=&quot; + data:post.url.canonical' rel='nofollow' target='_blank' title='Linkedin'><i class='fab fa-linkedin-in'/> Linkedin</a>
<a class='dropdown-item' expr:href='&quot;https://www.pinterest.com/pin/create/button/?url=&quot; + data:post.url.canonical + &quot;&amp;media=&quot; + data:post.featuredImage + &quot;&amp;description=&quot; + data:post.title' rel='nofollow' target='_blank' title='Pinterest'><i class='fab fa-pinterest-p'/> Pinterest</a>
<a class='dropdown-item' expr:href='&quot;https://api.whatsapp.com/send?text=&quot; + data:post.title + &quot; | &quot; + data:post.url.canonical' rel='nofollow' target='_blank' title='Whatsapp'><i class='fab fa-whatsapp'/> Whatsapp</a>
<a class='dropdown-item' expr:href='&quot;https://reddit.com/submit?url=&quot; + data:post.url.canonical + &quot;&amp;title=&quot; + data:post.title' rel='nofollow' target='_blank' title='Reddit'><i class='fab fa-reddit-alien'/> Reddit</a>
<a class='dropdown-item' expr:href='&quot;mailto:?subject=&quot; + data:post.title + &quot;&amp;body=&quot; + data:post.url.canonical' rel='nofollow' target='_blank' title='Email'><i class='fas fa-envelope'/> Email</a>
</div>
</li>
<li class='nav-item'>
<time expr:datetime='data:post.date.iso8601' expr:title='data:post.date.iso8601'>
<a class='nav-link'><span class='fa fa-clock'/> <data:post.date/></a>
</time>
</li>
</ul>
</div><!-- /.media -->

<b:comment>=== Snippet ===</b:comment>
<div class='post-body post-spacer'>
<data:post.snippets.short/>
</div>
</div><!-- /.card-body -->
</div><!-- /.card -->
</article>
</b:loop>
</div>
<b:else/>
<b:if cond='data:view.isMultipleItems'>
<b:loop values='data:posts' var='post'>
<article class='card blog-post-spacer' expr:id='&quot;post-&quot; + data:post.id'>
<div class='card-body'>

<b:comment>=== Title ===</b:comment>
<h2 class='post-spacer'><a class='text-dark' expr:href='data:post.link ?: data:post.url'><b:eval expr='data:post.title ? data:post.title : data:messages.noTitle'/></a></h2>

<b:comment>=== Meta ===</b:comment>
<div class='media small text-muted post-spacer'>
<ul class='nav nav-tabs'>
<li class='nav-item active dropdown'>
<a aria-expanded='false' aria-haspopup='true' class='nav-link dropdown-toggle' data-toggle='dropdown' href='#' role='button'><span class='fas fa-share-alt'/> Share</a>
<div class='dropdown-menu'>
<a class='dropdown-item' expr:href='&quot;https://www.facebook.com/sharer.php?u=&quot; + data:post.url.canonical' target='_blank' title='Facebook'><i class='fab fa-facebook-f'/> Facebook</a>
<a class='dropdown-item' expr:href='&quot;https://twitter.com/intent/tweet?url=&quot; + data:post.url.canonical + &quot;&amp;text=&quot; + data:post.title' rel='nofollow' target='_blank' title='Twitter'><i class='fab fa-twitter'/> Twitter</a>
<a class='dropdown-item' expr:href='&quot;https://www.linkedin.com/shareArticle?url=&quot; + data:post.url.canonical' rel='nofollow' target='_blank' title='Linkedin'><i class='fab fa-linkedin-in'/> Linkedin</a>
<a class='dropdown-item' expr:href='&quot;https://www.pinterest.com/pin/create/button/?url=&quot; + data:post.url.canonical + &quot;&amp;media=&quot; + data:post.featuredImage + &quot;&amp;description=&quot; + data:post.title' rel='nofollow' target='_blank' title='Pinterest'><i class='fab fa-pinterest-p'/> Pinterest</a>
<a class='dropdown-item' expr:href='&quot;https://api.whatsapp.com/send?text=&quot; + data:post.title + &quot; | &quot; + data:post.url.canonical' rel='nofollow' target='_blank' title='Whatsapp'><i class='fab fa-whatsapp'/> Whatsapp</a>
<a class='dropdown-item' expr:href='&quot;https://reddit.com/submit?url=&quot; + data:post.url.canonical + &quot;&amp;title=&quot; + data:post.title' rel='nofollow' target='_blank' title='Reddit'><i class='fab fa-reddit-alien'/> Reddit</a>
<a class='dropdown-item' expr:href='&quot;mailto:?subject=&quot; + data:post.title + &quot;&amp;body=&quot; + data:post.url.canonical' rel='nofollow' target='_blank' title='Email'><i class='fas fa-envelope'/> Email</a>
</div>
</li>
<li class='nav-item'>
<b:if cond='data:post.author.profileUrl'>
<a class='nav-link' expr:href='data:post.author.profileUrl'><span class='fa fa-user'/> <b:eval expr='data:post.author ? data:post.author.name : &quot;Anonymous&quot;'/></a><b:else/><a class='nav-link'> <span class='fa fa-user'/> <b:eval expr='data:post.author ? data:post.author.name : &quot;Anonymous&quot;'/></a>
</b:if>
</li>
<li class='nav-item'>
<time expr:datetime='data:post.date.iso8601' expr:title='data:post.date.iso8601'>
<a class='nav-link'><span class='fa fa-clock'/> <data:post.date/></a>
</time>
</li>
<li class='nav-item'>
<b:if cond='data:post.allowComments'>
<a class='nav-link' expr:href='data:post.commentsUrl'><span class='fa fa-comment'/> <b:message name='messages.numberOfComments'><b:param expr:value='data:post.numberOfComments' name='numComments'/></b:message></a>
</b:if>
</li>
</ul>
</div><!-- /.media -->

<b:comment>=== Snippet ===</b:comment>
<div class='post-body post-spacer'><data:post.snippets.short/></div>

<b:comment>=== Featured image ===</b:comment>
<b:with value='800' var='size'> <b:with value='&quot;16:9&quot;' var='ratio'> <b:if cond='data:post.featuredImage'> <figure class='blog-banner post-featured-image pt-4'> <b:if cond='data:post.featuredImage.isYoutube'> <a expr:href='data:post.link ?: data:post.url'> <b:tag name='img'> <b:class name='img-fluid shadow p-3 rounded'/> <b:attr expr:value='data:post.featuredImage.youtubeMaxResDefaultUrl.isResizable ? resizeImage(data:post.featuredImage.youtubeMaxResDefaultUrl, data:size, data:ratio) : data:post.featuredImage.youtubeMaxResDefaultUrl' name='src'/> <b:attr expr:value='data:post.title ? data:post.title : data:messages.image' name='alt'/> <b:attr name='b:whitespace' value='remove'/> </b:tag> </a> <b:else/> <a expr:href='data:post.link ?: data:post.url'> <b:tag name='img'> <b:class name='img-fluid shadow p-3 rounded'/> <b:attr expr:value='data:post.featuredImage.isResizable ? resizeImage(data:post.featuredImage, data:size, data:ratio) : data:post.featuredImage' name='src'/> <b:attr expr:value='data:post.title ? data:post.title : data:messages.image' name='alt'/> <b:attr name='b:whitespace' value='remove'/> </b:tag> </a> </b:if> </figure> </b:if> </b:with> </b:with>
</div><!-- /.card-body -->
</article>
</b:loop>
</b:if>
</b:if>
</b:if>

<b:comment>### Post page ###</b:comment>

<b:if cond='data:posts.notEmpty'>
<b:if cond='data:view.isPost'>
<b:loop values='data:posts' var='post'>
<article class='card blog-post-spacer' expr:id='&quot;post-&quot; + data:post.id'>
<div class='card-body'>
                          
<b:comment>=== Title ===</b:comment>
<h1 class='post-spacer'><b:eval expr='data:post.title ? data:post.title : data:messages.noTitle'/></h1>

<b:comment>=== Meta ===</b:comment>
<div class='media small text-muted post-spacer'>
<ul class='nav nav-tabs'>
<li class='nav-item active dropdown'>
<a aria-expanded='false' aria-haspopup='true' class='nav-link dropdown-toggle' data-toggle='dropdown' href='#' role='button'><span class='fas fa-share-alt'/> Share</a>
<div class='dropdown-menu'>
<a class='dropdown-item' expr:href='&quot;https://www.facebook.com/sharer.php?u=&quot; + data:post.url.canonical' target='_blank' title='Facebook'><i class='fab fa-facebook-f'/> Facebook</a>
<a class='dropdown-item' expr:href='&quot;https://twitter.com/intent/tweet?url=&quot; + data:post.url.canonical + &quot;&amp;text=&quot; + data:post.title' rel='nofollow' target='_blank' title='Twitter'><i class='fab fa-twitter'/> Twitter</a>
<a class='dropdown-item' expr:href='&quot;https://www.linkedin.com/shareArticle?url=&quot; + data:post.url.canonical' rel='nofollow' target='_blank' title='Linkedin'><i class='fab fa-linkedin-in'/> Linkedin</a>
<a class='dropdown-item' expr:href='&quot;https://www.pinterest.com/pin/create/button/?url=&quot; + data:post.url.canonical + &quot;&amp;media=&quot; + data:post.featuredImage + &quot;&amp;description=&quot; + data:post.title' rel='nofollow' target='_blank' title='Pinterest'><i class='fab fa-pinterest-p'/> Pinterest</a>
<a class='dropdown-item' expr:href='&quot;https://api.whatsapp.com/send?text=&quot; + data:post.title + &quot; | &quot; + data:post.url.canonical' rel='nofollow' target='_blank' title='Whatsapp'><i class='fab fa-whatsapp'/> Whatsapp</a>
<a class='dropdown-item' expr:href='&quot;https://reddit.com/submit?url=&quot; + data:post.url.canonical + &quot;&amp;title=&quot; + data:post.title' rel='nofollow' target='_blank' title='Reddit'><i class='fab fa-reddit-alien'/> Reddit</a>
<a class='dropdown-item' expr:href='&quot;mailto:?subject=&quot; + data:post.title + &quot;&amp;body=&quot; + data:post.url.canonical' rel='nofollow' target='_blank' title='Email'><i class='fas fa-envelope'/> Email</a>
</div>
</li>
<li class='nav-item'>
<b:if cond='data:post.author.profileUrl'>
<a class='nav-link' expr:href='data:post.author.profileUrl'><span class='fa fa-user'/> <b:eval expr='data:post.author ? data:post.author.name : &quot;Anonymous&quot;'/></a><b:else/><a class='nav-link'> <span class='fa fa-user'/> <b:eval expr='data:post.author ? data:post.author.name : &quot;Anonymous&quot;'/></a>
</b:if>
</li>
<li class='nav-item'>
<time expr:datetime='data:post.date.iso8601' expr:title='data:post.date.iso8601'>
<a class='nav-link'><span class='fa fa-clock'/> <data:post.date/></a>
</time>
</li>
<li class='nav-item'>
<b:if cond='data:post.allowComments'>
<a class='nav-link' expr:href='data:post.commentsUrl'><span class='fa fa-comment'/> <b:message name='messages.numberOfComments'><b:param expr:value='data:post.numberOfComments' name='numComments'/></b:message></a>
</b:if>
</li>
</ul>
</div><!-- /.media -->

<b:comment>=== Body ===</b:comment>
<div class='post-body post-spacer'>
<data:post.body/>
</div>
</div><!-- /.card-body -->
</article>
<b:if cond='data:view.isPost'>
<div class='related-posts'>
<div class='container'>
<h3 class='title text-center'>You May Also Like:</h3>
<div class='row'>
<script type='text/javascript'>
    //<![CDATA[
    var relatedTitles = new Array();
    var relatedUrls = new Array();
    var relatedpSummary = new Array();
    var relatedThumb = new Array();
    var relatedTitlesNum = 0;
    var relatedPostsNum = 3; // number of entries to be shown
    var relatedmaxnum = 75; // the number of characters of summary
    var relatednoimage = "https://3.bp.blogspot.com/-PpjfsStySz0/UF91FE7rxfI/AAAAAAAACl8/092MmUHSFQ0/s1600/no_image.jpg"; // default picture for entries with no image
    function readpostlabels(e){for(var t,r,l,a=0;a<e.feed.entry.length&&(t=e.feed.entry[a],a!=e.feed.entry.length);a++){relatedTitles[relatedTitlesNum]=t.title.$t,l="","content"in t?l=t.content.$t:"summary"in t&&(l=t.summary.$t),relatedpSummary[relatedTitlesNum]=removetags(l,relatedmaxnum),r="media$thumbnail"in t?t.media$thumbnail.url:relatednoimage,relatedThumb[relatedTitlesNum]=r;for(var d=0;d<t.link.length;d++)if("alternate"==t.link[d].rel){relatedUrls[relatedTitlesNum]=t.link[d].href;break}relatedTitlesNum++}}function showrelated(){for(var e=new Array(0),t=new Array(0),r=new Array(0),l=new Array(0),a=0;a<relatedUrls.length;a++)contains(e,relatedUrls[a])||(e.length+=1,e[e.length-1]=relatedUrls[a],t.length+=1,t[t.length-1]=relatedTitles[a],r.length+=1,r[r.length-1]=relatedpSummary[a],l.length+=1,l[l.length-1]=relatedThumb[a]);relatedTitles=t,relatedUrls=e,relatedpSummary=r,relatedThumb=l;for(var a=0;a<relatedTitles.length;a++){var d=Math.floor((relatedTitles.length-1)*Math.random()),n=relatedTitles[a],s=relatedUrls[a],m=relatedpSummary[a],i=relatedThumb[a];relatedTitles[a]=relatedTitles[d],relatedUrls[a]=relatedUrls[d],relatedpSummary[a]=relatedpSummary[d],relatedThumb[a]=relatedThumb[d],relatedTitles[d]=n,relatedUrls[d]=s,relatedpSummary[d]=m,relatedThumb[d]=i}for(var u,h=0,o=Math.floor((relatedTitles.length-1)*Math.random()),g=o,f=document.URL;h<relatedPostsNum&&(relatedUrls[o]==f||(u="<div class='item col-12 col-md-4'><div class='inner'>",u+="<div class='figure-holder'><a href='"+relatedUrls[o]+"' title='"+relatedTitles[o]+"'><img class='img-fluid' src='"+relatedThumb[o].replace('/s72-c/','/s'+320+'-c/')+"' /></a></div>",u+="<div class='content'><h3 class='title'><a href='"+relatedUrls[o]+"' target='_self'>"+relatedTitles[o]+"</a></h3>",u+="<p>"+relatedpSummary[o]+" ... </p></div>",u+="</div></div>",document.write(u),h++,h!=relatedPostsNum))&&(o<relatedTitles.length-1?o++:o=0,o!=g););}function removetags(e,t){for(var r=e.split("<"),l=0;l<r.length;l++)-1!=r[l].indexOf(">")&&(r[l]=r[l].substring(r[l].indexOf(">")+1,r[l].length));return r=r.join(""),r=r.substring(0,t-1)}function contains(e,t){for(var r=0;r<e.length;r++)if(e[r]==t)return!0;return!1}
    //]]>
</script>

<!-- Related Posts with Thumbnails Code Start-->
<b:if cond='data:blog.pageType == &quot;item&quot;'>
<b:loop values='data:post.labels' var='label'>
<b:if cond='data:label.isLast != &quot;true&quot;'>
</b:if>
<script expr:src='&quot;/feeds/posts/default/-/&quot; + data:label.name + &quot;?alt=json-in-script&amp;callback=readpostlabels&amp;max-results=50&quot;' type='text/javascript'/>
</b:loop>
<script type='text/javascript'>showrelated();</script>
</b:if>
<!-- Related Posts with Thumbnails Code End-->
</div>
</div>
</div><!--//counter-container-->
</b:if>
</b:loop>
</b:if>
</b:if>

<b:comment>### Static page ###</b:comment>
<b:if cond='data:posts.notEmpty'>
<b:if cond='data:view.isPage'>
<b:loop values='data:posts' var='post'>
<article class='card blog-post-spacer' expr:id='&quot;post-&quot; + data:post.id'>
<div class='card-body'>
<b:comment>=== Title ===</b:comment>
<h1 class='post-spacer'><b:eval expr='data:post.title ? data:post.title : data:messages.noTitle'/></h1>

<b:comment>=== Body ===</b:comment>
<div class='post-body post-spacer'><data:post.body/></div>
</div><!-- /.card-body -->
</article>
</b:loop>
</b:if>
</b:if>

<b:comment>###### Comments ######</b:comment>

<b:comment>### Post page | Static page ###</b:comment>

<b:if cond='data:view.isPost or data:view.isPage'>
<b:loop values='data:posts' var='post'>
<b:if cond='data:post.allowComments'>
<div class='comments blog-post-spacer' id='comments'>
<b:comment>=== Title ===</b:comment>
                          
<b:if cond='data:post.numberOfComments == 0'>
<div class='alert alert-primary' role='alert'>
<i class='fa fa-bullhorn'/> Be the first to comment!
</div>
<b:else/> 
<b:if cond='data:post.numberOfComments == 1'>
<div class='alert alert-primary' role='alert'>
1 <data:commentLabel/>
</div>
<b:else/> 
<div class='alert alert-primary' role='alert'>
<data:post.numberOfComments/> <data:top.commentLabelPlural/>
</div>
</b:if></b:if>

<b:comment>=== New comments are not allowed ===</b:comment>
<b:if cond='!data:post.allowNewComments'>
<div class='alert alert-danger comment-warning' role='alert'>
<data:post.noNewCommentsText/>
</div>
</b:if>

<b:comment>=== Comment list ===</b:comment>
<b:if cond='data:post.comments.notEmpty'>
<ol class='comment-list'>
<b:loop values='data:post.comments where (c =&gt; not c.inReplyTo)' var='comment'>
<li expr:id='data:comment.anchorName'>
<div class='comment-block'>
<b:class cond='data:comment.adminClass == data:post.adminClass' name='is-author'/>
<b:comment>=== Comment header ===</b:comment>
<div class='comment-header'>
<b:comment>=== Col 1 ===</b:comment>
<div class='comment-header-col-1'>
<b:comment>=== Comment avatar ===</b:comment>
<b:if cond='data:comment.authorPhoto'>
<img class='comment-avatar' expr:alt='data:comment.author' expr:src='resizeImage(data:comment.authorAvatarSrc, 42)'/>
<b:else/>
<svg class='comment-avatar' viewBox='0 0 512 512' xmlns='http://www.w3.org/2000/svg'>
<title>icon</title>
<path d='M 4.4504803e-7,0 H 512 V 512 H 4.4504803e-7 Z' fill='#ff5722'/>
<path d='m 256.00001,255.99998 c 39.45313,0 71.42854,-27.97852 71.42854,-62.50001 C 327.42855,158.97848 295.4531,131 256.00001,131 c -39.45313,0 -71.42861,27.97848 -71.42861,62.49997 0,34.52149 31.97548,62.50001 71.42861,62.50001 z m 49.99998,15.62502 h -9.31919 c -12.38838,4.98044 -26.17186,7.81248 -40.68079,7.81248 -14.50896,0 -28.23662,-2.83204 -40.68083,-7.81248 H 206 c -41.40624,0 -75,29.39449 -75,65.625 v 20.31251 C 131,370.50195 142.99777,381 157.7857,381 H 354.21425 C 369.00225,381 381,370.50195 381,357.56251 V 337.25 c 0,-36.23051 -33.59374,-65.62504 -75.00001,-65.625 z' fill='#ffffff'/>
</svg>
</b:if>
</div><!-- /.comment-header-col-1 -->
<b:comment>=== Col 2 ===</b:comment>

<div class='comment-header-col-2'>
<b:comment>=== Comment author ===</b:comment>
<div class='comment-author'>
<b:if cond='data:comment.authorUrl'>
<a expr:href='data:comment.authorUrl'><data:comment.author/></a>
<b:else/>
<data:comment.author/>
</b:if>

<b:comment>=== Comment author badge ===</b:comment>
<b:if cond='data:comment.adminClass == data:post.adminClass'>
<span class='comment-author-badge'>Author</span>
</b:if>
</div><!-- /.comment-author -->
  
<b:comment>=== Comment meta ===</b:comment>
<div class='comment-meta'>
<a expr:href='data:comment.url'>#</a>
<span><data:comment.timestamp/></span>
</div><!-- /.comment-meta -->
</div><!-- /.comment-header-col-2 -->
</div><!-- /.comment-header -->
                                    
<b:comment>=== Comment body ===</b:comment>
<div class='comment-body'>
<b:if cond='data:comment.isDeleted'>
<div class='comment-warning' role='alert'>
<data:comment.body/>
</div>
<b:else/>
<div class='comment-text'>
<data:comment.body/>
</div>
</b:if>
</div><!-- /.comment-body -->
                                    
<b:comment>=== Comment actions ===</b:comment>
<div class='comment-actions'>
<b:if cond='!data:comment.isDeleted and data:post.allowNewComments'>
<a expr:href='&quot;javascript:replyTo(&amp;quot;&quot; + data:comment.id + &quot;&amp;quot;);&quot;'> Reply </a>
<span>&#183;</span>
</b:if>
<a expr:href='data:comment.deleteUrl'> Delete </a>
</div><!-- /.comment-actions -->
</div><!-- /.comment-block -->

<b:comment>=== Reply form container ===</b:comment>
<b:if cond='!data:comment.isDeleted and data:post.allowNewComments'>
<div class='reply-form-container' expr:id='&quot;r&quot; + data:comment.id'/>
</b:if>

                                  
<b:comment>=== Children ===</b:comment>
<b:if cond='data:post.comments any (c =&gt; c.inReplyTo == data:comment.id)'>
<ul class='comment-list-children'>
<b:loop values='data:post.comments where (c =&gt; c.inReplyTo == data:comment.id)' var='reply'>
<li expr:id='data:reply.anchorName'>
<div class='comment-block'>
<b:class cond='data:reply.adminClass == data:post.adminClass' name='is-author'/>
<b:comment>=== Comment header ===</b:comment>
<div class='comment-header'>
<b:comment>=== Col 1 ===</b:comment>
<div class='comment-header-col-1'>
<b:comment>=== Comment avatar ===</b:comment>
<b:if cond='data:reply.authorPhoto'>
<img class='comment-avatar' expr:alt='data:comment.author' expr:src='resizeImage(data:reply.authorAvatarSrc, 42)'/>
<b:else/>
<svg class='comment-avatar' viewBox='0 0 512 512' xmlns='http://www.w3.org/2000/svg'>
<title>icon</title>
<path d='M 4.4504803e-7,0 H 512 V 512 H 4.4504803e-7 Z' fill='#ff5722'/>
<path d='m 256.00001,255.99998 c 39.45313,0 71.42854,-27.97852 71.42854,-62.50001 C 327.42855,158.97848 295.4531,131 256.00001,131 c -39.45313,0 -71.42861,27.97848 -71.42861,62.49997 0,34.52149 31.97548,62.50001 71.42861,62.50001 z m 49.99998,15.62502 h -9.31919 c -12.38838,4.98044 -26.17186,7.81248 -40.68079,7.81248 -14.50896,0 -28.23662,-2.83204 -40.68083,-7.81248 H 206 c -41.40624,0 -75,29.39449 -75,65.625 v 20.31251 C 131,370.50195 142.99777,381 157.7857,381 H 354.21425 C 369.00225,381 381,370.50195 381,357.56251 V 337.25 c 0,-36.23051 -33.59374,-65.62504 -75.00001,-65.625 z' fill='#ffffff'/>
</svg>
</b:if>
</div><!-- /.comment-header-col-1 -->
                                              
<b:comment>=== Col 2 ===</b:comment>
<div class='comment-header-col-2'>
<b:comment>=== Comment author ===</b:comment>
<div class='comment-author'>
<b:if cond='data:reply.authorUrl'>
<a expr:href='data:reply.authorUrl'><data:reply.author/></a>
<b:else/>
<data:reply.author/>
</b:if>
<b:comment>=== Comment author badge ===</b:comment>
<b:if cond='data:reply.adminClass == data:post.adminClass'>
<span class='comment-author-badge'>Author</span>
</b:if>
</div><!-- /.comment-author -->
                                                
<b:comment>=== Comment meta ===</b:comment>
<div class='comment-meta'>
<a expr:href='data:reply.url'>#</a>
<span><data:reply.timestamp/></span>
</div><!-- /.comment-meta -->
</div><!-- /.comment-header-col-2 -->
</div><!-- /.comment-header -->
                                            
<b:comment>=== Comment body ===</b:comment>
<div class='comment-body'>
<b:if cond='data:reply.isDeleted'>
<div class='comment-warning' role='alert'>
<data:reply.body/>
</div>
<b:else/>
<div class='comment-text'>
<data:reply.body/>
</div>
</b:if>
</div><!-- /.comment-body -->

<b:comment>=== Comment actions ===</b:comment>
<div class='comment-actions'>
<a expr:href='data:reply.deleteUrl'> Delete </a>
</div><!-- /.comment-actions -->
</div><!-- /.comment-block -->
</li>
</b:loop>
</ul><!-- /.comment-list-children -->
</b:if>
</li>
</b:loop>
</ol><!-- /.comment-list -->
</b:if>

                          
<b:comment>=== Comment pagination ===</b:comment>
<b:if cond='data:post.commentPagingRequired'>
<nav class='comment-pagination comment-block'>
<div>
<a expr:href='data:post.olderLinkUrl'><data:post.olderLinkText/></a>
<a expr:href='data:post.oldestLinkUrl'><data:post.oldestLinkText/></a>
</div>

<div>
<data:post.commentRangeText/>
</div>
<div>
<a expr:href='data:post.newestLinkUrl'><data:post.newestLinkText/></a>
<a expr:href='data:post.newerLinkUrl'><data:post.newerLinkText/></a>
</div>
</nav>
</b:if>

                          
<b:comment>=== Comment form ===</b:comment>
<b:if cond='data:post.allowNewComments'>
<div class='init-form-container' id='init-form-container'>
<div class='comment-form comment-block' id='comment-form'>                                
<b:if cond='data:this.messages.blogComment != &quot;&quot;'>
<p class='comment-form-message'><data:this.messages.blogComment/></p>
</b:if>
<a expr:href='data:post.commentFormIframeSrc' id='comment-editor-src'/>
<iframe class='blogger-iframe-colorize blogger-comment-from-post comment-editor' expr:height='data:cmtIframeInitialHeight ?: &quot;90px&quot;' id='comment-editor' name='comment-editor' src=''/>
<data:post.cmtfpIframe/>
<script>
BLOG_CMT_createIframe(&#39;<data:post.appRpcRelayPath/>&#39;);
</script>
<a class='btn btn-primary btn-sm comment-cancel-reply' href='javascript:replyTo(0);'>Cancel</a>
</div><!-- /.comment-form -->

<script>
//<![CDATA[
var commentEditorSrc = document.getElementById('comment-editor').src.split('#');
function replyTo(id) {
  var form = document.getElementById('comment-form');
  var iframe = document.getElementById('comment-editor');
  var replyFormContainer = document.getElementById('r' + id);
  var initFormContainer = document.getElementById('init-form-container');
  var container = id ? replyFormContainer : initFormContainer;
  var part = commentEditorSrc;

  container.insertBefore(form, null);
  iframe.src = id ? part[0] + '&parentID=' + id + '#' + part[1] : part[0] + '#' + part[1];
}
//]]>
</script>
</div><!-- /.init-form-container -->
</b:if>
</div><!-- /.comments --> </b:if><!-- /data:post.allowComments -->
</b:loop>
</b:if>

<b:comment>###### Pager ######</b:comment>
<b:if cond='data:posts.notEmpty and !data:view.isPage'>
<nav class='d-flex flex-nowrap justify-content-between blog-post-spacer' id='pager'>
<b:if cond='data:newerPageUrl'>
<a class='btn btn-outline-primary' id='pager-newer' role='button'><b:attr expr:value='data:newerPageUrl ? data:newerPageUrl : &quot;#&quot;' name='href'/>
<b:class cond='!data:newerPageUrl' name='disabled'/><data:messages.newer/></a>
</b:if>

<a class='btn btn-outline-primary' id='pager-home' role='button'><b:attr expr:value='data:blog.homepageUrl' name='href'/><data:messages.home/></a>

<b:if cond='data:olderPageUrl'>
<a class='btn btn-outline-primary' id='pager-older' role='button'><b:attr expr:value='data:olderPageUrl ? data:olderPageUrl : &quot;#&quot;' name='href'/>
<b:class cond='!data:olderPageUrl' name='disabled'/><data:messages.older/></a>
</b:if>
</nav>
</b:if>
</b:includable>
    <b:includable id='aboutPostAuthor'/>
    <b:includable id='addComments'/>
    <b:includable id='commentAuthorAvatar'/>
    <b:includable id='commentDeleteIcon'/>
    <b:includable id='commentForm'/>
    <b:includable id='commentFormIframeSrc'/>
    <b:includable id='commentItem'/>
    <b:includable id='commentList'/>
    <b:includable id='commentPicker'/>
    <b:includable id='comments'/>
    <b:includable id='commentsTitle'/>
    <b:includable id='feedLinks'/>
    <b:includable id='feedLinksBody'/>
    <b:includable id='homePageLink'/>
    <b:includable id='iframeComments'/>
    <b:includable id='inlineAd'/>
    <b:includable id='nextPageLink'/>
    <b:includable id='post'/>
    <b:includable id='postBody'/>
    <b:includable id='postBodySnippet'/>
    <b:includable id='postCommentsAndAd'/>
    <b:includable id='postCommentsLink'/>
    <b:includable id='postFooter'/>
    <b:includable id='postFooterAuthorProfile'/>
    <b:includable id='postHeader'/>
    <b:includable id='postMeta'/>
    <b:includable id='postPagination'/>
    <b:includable id='postTitle'/>
    <b:includable id='previousPageLink'/>
    <b:includable id='threadedCommentForm'/>
    <b:includable id='threadedCommentJs'/>
    <b:includable id='threadedComments'/>
  </b:widget>
</b:section>
</main>
          
<aside class='col-12 col-lg-4' id='sidebar'>
<form action='/search' class='form-sm' method='get' role='search'>
<div class='input-group input-group-sm mb-3'>
<input aria-label='Search' class='form-control' name='q' placeholder='Search This Blog' type='text'/>
<div class='input-group-append'>
<button class='input-group-text btn btn-primary' type='submit'><i class='fa fa-search'/></button>
</div>
</div>
</form>
<b:section class='sidebar-section' id='sidebar-section' name='Sidebar section'>
  <b:widget id='PopularPosts1' locked='false' title='Popular posts' type='PopularPosts' version='2' visible='true'>
    <b:widget-settings>
      <b:widget-setting name='numItemsToShow'>10</b:widget-setting>
      <b:widget-setting name='showThumbnails'>true</b:widget-setting>
      <b:widget-setting name='showSnippets'>true</b:widget-setting>
      <b:widget-setting name='timeRange'>ALL_TIME</b:widget-setting>
    </b:widget-settings>
    <b:includable id='main' var='this'>
  <b:include name='widget-title'/>
<div class='widget-content popular-posts'>
<ul class='list-group'>
<b:loop values='data:posts' var='post'>
<li class='list-group-item'>
<div class='item-thumbnail'>
<a expr:href='data:post.url' expre:title='data:post.title'> 
<b:with value='data:post.featuredImage.isResizable?resizeImage(data:post.featuredImage, 42, &quot;42:42&quot;): data:post.thumbnail' var='image'><img class='circle' expr:alt='data:post.title' expr:src='data:image' height='42' layout='responsive' width='424'/></b:with></a> 
<span class='pop-title'><a expr:href='data:post.url' expre:title='data:post.title'><data:post.title/></a></span></div>
<div class='clearfix'/>
<span class='pop-meta'>
<time expr:datetime='data:post.date.iso8601' expr:title='data:post.date.iso8601'>
<span class='fa fa-clock'/> <data:post.date/>
</time>
</span>
</li>
</b:loop>
</ul>
</div>

</b:includable>
  </b:widget>
  <b:widget id='Label2' locked='false' title='Labels Cloud' type='Label' version='2' visible='true'>
    <b:widget-settings>
      <b:widget-setting name='sorting'>ALPHA</b:widget-setting>
      <b:widget-setting name='display'>CLOUD</b:widget-setting>
      <b:widget-setting name='selectedLabelsList'/>
      <b:widget-setting name='showType'>ALL</b:widget-setting>
      <b:widget-setting name='showFreqNumbers'>false</b:widget-setting>
    </b:widget-settings>
    <b:includable id='main' var='this'>
  <b:include name='widget-title'/>
  <b:include name='content'/>
</b:includable>
    <b:includable id='cloud'>
<b:loop values='data:labels' var='label'>
<span class='label-size'>
<b:class expr:name='&quot;label-size-&quot; + data:label.cssSize'/>
<a class='label-name' expr:href='data:label.url'><data:label.name/><b:if cond='data:this.showFreqNumbers'><span class='label-count'><data:label.count/></span></b:if></a></span>
</b:loop>
</b:includable>
    <b:includable id='content'>
<div class='widget-content'>
<b:class expr:name='data:this.display + &quot;-label-widget-content&quot;'/>
<b:include cond='data:this.display == &quot;list&quot;' name='list'/>
<b:include cond='data:this.display == &quot;cloud&quot;' name='cloud'/>
</div>
</b:includable>
    <b:includable id='list'>
<ul>
<b:loop values='data:labels' var='label'>
<li>
<a class='label-name' expr:href='data:label.url'><data:label.name/><b:if cond='data:this.showFreqNumbers'><span class='label-count'><data:label.count/></span>
</b:if></a>
</li>
</b:loop>
</ul>
</b:includable>
  </b:widget>
  <b:widget id='BlogArchive1' locked='false' title='Archive' type='BlogArchive' visible='true'>
    <b:widget-settings>
      <b:widget-setting name='showStyle'>HIERARCHY</b:widget-setting>
      <b:widget-setting name='yearPattern'>yyyy</b:widget-setting>
      <b:widget-setting name='showWeekEnd'>true</b:widget-setting>
      <b:widget-setting name='monthPattern'>MMMM</b:widget-setting>
      <b:widget-setting name='dayPattern'>MMM dd</b:widget-setting>
      <b:widget-setting name='weekPattern'>MM/dd</b:widget-setting>
      <b:widget-setting name='chronological'>false</b:widget-setting>
      <b:widget-setting name='showPosts'>true</b:widget-setting>
      <b:widget-setting name='frequency'>MONTHLY</b:widget-setting>
    </b:widget-settings>
    <b:includable id='main' var='this'>
  <b:include name='widget-title'/>
  <b:include name='content'/>
</b:includable>
    <b:includable id='content'>
  <div class='widget-content'>
    <div id='ArchiveList'>
      <div expr:id='data:widget.instanceId + &quot;_ArchiveList&quot;'>
        <b:include cond='data:this.style == &quot;HIERARCHY&quot;' name='hierarchy'/>
        <b:include cond='data:this.style in {&quot;FLAT&quot;, &quot;MENU&quot;}' name='flat'/>
      </div>
    </div>
  </div>
</b:includable>
    <b:includable id='flat'>
  <ul class='flat'>
    <b:loop values='data:data' var='i'>
      <li class='archivedate'>
        <a expr:href='data:i.url'>
          <data:i.name/><span class='post-count'><data:i.post-count/></span>
        </a>
      </li>
    </b:loop>
  </ul>
</b:includable>
    <b:includable id='hierarchy'>
  <b:include data='data' name='interval'/>
</b:includable>
    <b:includable id='interval' var='intervals'>
  <ul class='hierarchy'>
    <b:loop values='data:intervals' var='interval'>
      <li class='archivedate'>
        <div class='hierarchy-title'>
          <a class='post-count-link' expr:href='data:interval.url'>
            <data:interval.name/>
            <span class='post-count'><data:interval.post-count/></span>
          </a>
        </div>
        <div class='hierarchy-content'>
          <b:include cond='data:interval.data' data='interval.data' name='interval'/>
          <b:include cond='data:interval.posts' data='interval.posts' name='posts'/>
        </div>
      </li>
    </b:loop>
  </ul>
</b:includable>
    <b:includable id='posts' var='posts'>
  <ul class='posts hierarchy'>
    <b:loop values='data:posts' var='post'>
      <li>
        <a expr:href='data:post.url'><data:post.title/></a>
      </li>
    </b:loop>
  </ul>
</b:includable>
  </b:widget>
  <b:widget id='HTML2' locked='false' title='HTML gadget' type='HTML' version='2' visible='true'>
    <b:widget-settings>
      <b:widget-setting name='content'><![CDATA[<p>Lorem ipsum dolor sit amet, consectetur adipiscing elit. Proin porttitor imperdiet lectus a scelerisque. Maecenas eu suscipit purus. Quisque nec arcu velit. Etiam ac imperdiet dui. Class aptent taciti sociosqu ad litora torquent per conubia nostra, per inceptos himenaeos.</p>]]></b:widget-setting>
    </b:widget-settings>
    <b:includable id='main'>
<b:include name='widget-title'/>
<div class='widget-content'>
<data:content/>
</div>
</b:includable>
  </b:widget>
</b:section>
</aside>
</div>
</div>
</div>
  
<div class='footer-link' id='footer-links'>
<div class='container'>
<div class='row'> 
<b:section class='col-md-3' id='footer-links1' maxwidgets='1' name='Footer Linklist 1' showaddelement='no'>
   <b:widget id='LinkList2' locked='true' title='Footer Links' type='LinkList' visible='true'>
     <b:widget-settings>
       <b:widget-setting name='sorting'>NONE</b:widget-setting>
       <b:widget-setting name='text-1'>Blogger</b:widget-setting>
       <b:widget-setting name='link-1'>https://blogger.com</b:widget-setting>
       <b:widget-setting name='text-0'>Github</b:widget-setting>
       <b:widget-setting name='link-0'>https://github.com</b:widget-setting>
     </b:widget-settings>
     <b:includable id='main'>
  <b:include name='widget-title'/>
  <b:include name='content'/>
</b:includable>
     <b:includable id='content'>
 <div class='widget-content'>
   <ul>
     <b:loop values='data:links' var='link'>
       <li><a expr:href='data:link.target'><data:link.name/></a></li>
     </b:loop>
   </ul>
 </div>
</b:includable>
   </b:widget>
 </b:section>
  
<b:section class='col-md-3' id='footer-links2' maxwidgets='1' name='Footer Linklist 2' showaddelement='no'>
  <b:widget id='LinkList3' locked='true' title='Footer Links' type='LinkList' visible='true'>
    <b:widget-settings>
      <b:widget-setting name='sorting'>NONE</b:widget-setting>
      <b:widget-setting name='text-1'>Blogger</b:widget-setting>
      <b:widget-setting name='link-1'>https://blogger.com</b:widget-setting>
      <b:widget-setting name='text-0'>Github</b:widget-setting>
      <b:widget-setting name='link-0'>https://github.com</b:widget-setting>
    </b:widget-settings>
    <b:includable id='main'>
  <b:include name='widget-title'/>
  <b:include name='content'/>
</b:includable>
    <b:includable id='content'>
 <div class='widget-content'>
   <ul>
     <b:loop values='data:links' var='link'>
       <li><a expr:href='data:link.target'><data:link.name/></a></li>
     </b:loop>
   </ul>
 </div>
</b:includable>
  </b:widget>
</b:section>
  
<b:section class='col-md-3' id='footer-links3' maxwidgets='1' name='Footer Linklist 3' showaddelement='no'>
  <b:widget id='LinkList4' locked='true' title='Footer Links' type='LinkList' visible='true'>
    <b:widget-settings>
      <b:widget-setting name='sorting'>NONE</b:widget-setting>
      <b:widget-setting name='text-1'>Blogger</b:widget-setting>
      <b:widget-setting name='link-1'>https://blogger.com</b:widget-setting>
      <b:widget-setting name='text-0'>Github</b:widget-setting>
      <b:widget-setting name='link-0'>https://github.com</b:widget-setting>
    </b:widget-settings>
    <b:includable id='main'>
  <b:include name='widget-title'/>
  <b:include name='content'/>
</b:includable>
    <b:includable id='content'>
 <div class='widget-content'>
   <ul>
     <b:loop values='data:links' var='link'>
       <li><a expr:href='data:link.target'><data:link.name/></a></li>
     </b:loop>
   </ul>
 </div>
</b:includable>
  </b:widget>
</b:section>

  
<b:section class='col-md-3' id='footer-links4' maxwidgets='2' name='Footer Linklist 4' showaddelement='yes'>
  <b:widget id='LinkList5' locked='false' title='Useful Links' type='LinkList' visible='true'>
    <b:widget-settings>
      <b:widget-setting name='sorting'>NONE</b:widget-setting>
      <b:widget-setting name='text-1'>Blogger</b:widget-setting>
      <b:widget-setting name='link-1'>https://blogger.com</b:widget-setting>
      <b:widget-setting name='text-0'>Github</b:widget-setting>
      <b:widget-setting name='link-0'>https://github.com</b:widget-setting>
    </b:widget-settings>
    <b:includable id='main'>
  <b:include name='widget-title'/>
  <b:include name='content'/>
</b:includable>
    <b:includable id='content'>
 <div class='widget-content'>
   <ul>
     <b:loop values='data:links' var='link'>
       <li><a expr:href='data:link.target'><data:link.name/></a></li>
     </b:loop>
   </ul>
 </div>
</b:includable>
  </b:widget>
</b:section>

  
  
</div>
</div>
</div>
    
<footer class='footer' id='footer'>
<div class='container text-center'>
<div class='divider'/>
<div class='copyright' id='credits'>
<ul class='social-media list-inline'>
<li class='list-inline-item'><a href='#'><i class='fab fa-twitter'/></a></li>
<li class='list-inline-item'><a href='#'><i class='fab fa-facebook'/></a></li>
<li class='list-inline-item'><a href='#'><i class='fab fa-instagram'/></a></li>
<li class='list-inline-item'><a href='#'><i class='fab fa-youtube'/></a></li>
<li class='list-inline-item'><a href='#'><i class='fab fa-linkedin'/></a></li>
</ul>
<i class='fas fa-copyright'/> <script>document.write(new Date().getFullYear())</script>. <a href='https://www.archiewebmaker.com/'>Created with <i class='fas fa-heart'/> <span class='sr-only'>love</span> by Archie Webmaker</a>
</div>
</div>
</footer>
<!-- JavaScript Bundle with Popper.js -->
<script crossorigin='anonymous' integrity='sha256-9/aliU8dGd2tb6OSsuzixeV4y/faTqgFtohetphbbj0=' src='https://code.jquery.com/jquery-3.5.1.min.js'/>
<script src='https://archiewebmaker.github.io/js/bs-main.js'/> 
<script crossorigin='anonymous' integrity='sha384-popRpmFF9JQgExhfw5tZT4I9/CI5e2QcuUZPOVXb1m7qUmeR2b50u+YFEYe1wgzy' src='https://cdn.jsdelivr.net/npm/bootstrap@5.0.0-alpha3/dist/js/bootstrap.bundle.min.js'/>
<script language='javascript'>
<!--
document.write(unescape('%3C%64%69%76%20%63%6C%61%73%73%3D%22%64%2D%6E%6F%6E%65%22%20%69%64%3D%22%63%72%65%64%69%74%73%22%3E%3C%61%20%69%64%3D%22%63%72%65%64%69%74%6C%69%6E%6B%22%20%68%72%65%66%3D%22%68%74%74%70%73%3A%2F%2F%77%77%77%2E%61%72%63%68%69%65%77%65%62%6D%61%6B%65%72%2E%63%6F%6D%22%3E%41%72%63%68%69%65%20%57%65%62%6D%61%6B%65%72%3C%2F%61%3E%3C%2F%64%69%76%3E'));
//-->
</script>
</body>
</html>